{
    "IsEncrypted": false,
    "Values": {
        "AzureWebJobsStorage": "",
        "FUNCTIONS_WORKER_RUNTIME": "python",
        "SEARCH_SERVICE_ENDPOINT": "https://americorpsearchservice.search.windows.net",
        "SEARCH_SERVICE_API_KEY": "P3UzkDV6xd6946fNDtcIUDJhRc9r6tjmfZ5RryDSaMAzSeDmNrSY",
        "SEARCH_INDEX_NAME": "html-dev-index-updated",
        "SECONDARY_SEARCH_INDEX_NAME": "pdf-search-index",
        "OPENAI_ENDPOINT": "https://sementickernal1627560484.openai.azure.com/",
        "OPENAI_KEY": "7669d8794eb64532807d8a573d4fbcfc"
    }
}
